{
    "$schema": "https://schema.management.azure.com/schemas/2019-04-01/deploymentTemplate.json#",
    "contentVersion": "1.0.0.0",
    "parameters": {
        "vmName": {
            "type": "string",
            "defaultValue": "WebAppVM",
            "metadata": {
                "description": "Name for the Virtual Machine"
            }
        },
        "adminUsername": {
            "type": "string",
            "metadata": {
                "description": "Username for the Virtual Machine administrator"
            }
        },
        "adminPassword": {
            "type": "securestring",
            "metadata": {
                "description": "Password for the Virtual Machine administrator"
            }
        },
        "dnsNameForPublicIP": {
            "type": "string",
            "metadata": {
                "description": "Unique DNS Name for the Public IP used to access the Virtual Machine"
            }
        },
        "windowsOSVersion": {
            "type": "string",
            "defaultValue": "2022-datacenter-azure-edition",
            "metadata": {
                "description": "The Windows version for the VM"
            }
        },
        "vmSize": {
            "type": "string",
            "defaultValue": "Standard_B1s",
            "metadata": {
                "description": "Size of the Virtual Machine"
            }
        }
    },
    "variables": {
        "storageAccountName": "[concat('storage', uniqueString(resourceGroup().id))]",
        "nicName": "[concat(parameters('vmName'), 'Nic')]",
        "addressPrefix": "10.0.0.0/16",
        "subnetName": "Subnet",
        "subnetPrefix": "10.0.0.0/24",
        "publicIPAddressName": "[concat(parameters('vmName'), 'PublicIP')]",
        "virtualNetworkName": "[concat(parameters('vmName'), 'VNET')]",
        "subnetRef": "[resourceId('Microsoft.Network/virtualNetworks/subnets', variables('virtualNetworkName'), variables('subnetName'))]",
        "networkSecurityGroupName": "[concat(parameters('vmName'), 'NSG')]"
    },
    "resources": [
        {
            "type": "Microsoft.Storage/storageAccounts",
            "name": "[variables('storageAccountName')]",
            "apiVersion": "2021-04-01",
            "location": "[resourceGroup().location]",
            "sku": {
                "name": "Standard_LRS"
            },
            "kind": "StorageV2"
        },
        {
            "type": "Microsoft.Network/publicIPAddresses",
            "name": "[variables('publicIPAddressName')]",
            "apiVersion": "2021-02-01",
            "location": "[resourceGroup().location]",
            "properties": {
                "publicIPAllocationMethod": "Static",
                "dnsSettings": {
                    "domainNameLabel": "[parameters('dnsNameForPublicIP')]"
                }
            }
        },
        {
            "type": "Microsoft.Network/networkSecurityGroups",
            "name": "[variables('networkSecurityGroupName')]",
            "apiVersion": "2021-02-01",
            "location": "[resourceGroup().location]",
            "properties": {
                "securityRules": [
                    {
                        "name": "default-allow-rdp",
                        "properties": {
                            "priority": 1000,
                            "access": "Allow",
                            "direction": "Inbound",
                            "destinationPortRange": "3389",
                            "protocol": "Tcp",
                            "sourcePortRange": "*",
                            "sourceAddressPrefix": "*",
                            "destinationAddressPrefix": "*"
                        }
                    },
                    {
                        "name": "default-allow-http",
                        "properties": {
                            "priority": 1001,
                            "access": "Allow",
                            "direction": "Inbound",
                            "destinationPortRange": "80",
                            "protocol": "Tcp",
                            "sourcePortRange": "*",
                            "sourceAddressPrefix": "*",
                            "destinationAddressPrefix": "*"
                        }
                    },
                    {
                        "name": "default-allow-https",
                        "properties": {
                            "priority": 1002,
                            "access": "Allow",
                            "direction": "Inbound",
                            "destinationPortRange": "443",
                            "protocol": "Tcp",
                            "sourcePortRange": "*",
                            "sourceAddressPrefix": "*",
                            "destinationAddressPrefix": "*"
                        }
                    },
                    {
                        "name": "allow-webdeploy",
                        "properties": {
                            "priority": 1003,
                            "access": "Allow",
                            "direction": "Inbound",
                            "destinationPortRange": "8172",
                            "protocol": "Tcp",
                            "sourcePortRange": "*",
                            "sourceAddressPrefix": "*",
                            "destinationAddressPrefix": "*"
                        }
                    }
                ]
            }
        },
        {
            "type": "Microsoft.Network/virtualNetworks",
            "name": "[variables('virtualNetworkName')]",
            "apiVersion": "2021-02-01",
            "location": "[resourceGroup().location]",
            "properties": {
                "addressSpace": {
                    "addressPrefixes": [
                        "[variables('addressPrefix')]"
                    ]
                },
                "subnets": [
                    {
                        "name": "[variables('subnetName')]",
                        "properties": {
                            "addressPrefix": "[variables('subnetPrefix')]",
                            "networkSecurityGroup": {
                                "id": "[resourceId('Microsoft.Network/networkSecurityGroups', variables('networkSecurityGroupName'))]"
                            }
                        }
                    }
                ]
            },
            "dependsOn": [
                "[resourceId('Microsoft.Network/networkSecurityGroups', variables('networkSecurityGroupName'))]"
            ]
        },
        {
            "type": "Microsoft.Network/networkInterfaces",
            "name": "[variables('nicName')]",
            "apiVersion": "2021-02-01",
            "location": "[resourceGroup().location]",
            "properties": {
                "ipConfigurations": [
                    {
                        "name": "ipconfig1",
                        "properties": {
                            "privateIPAllocationMethod": "Dynamic",
                            "publicIPAddress": {
                                "id": "[resourceId('Microsoft.Network/publicIPAddresses', variables('publicIPAddressName'))]"
                            },
                            "subnet": {
                                "id": "[variables('subnetRef')]"
                            }
                        }
                    }
                ]
            },
            "dependsOn": [
                "[resourceId('Microsoft.Network/publicIPAddresses', variables('publicIPAddressName'))]",
                "[resourceId('Microsoft.Network/virtualNetworks', variables('virtualNetworkName'))]"
            ]
        },
        {
            "type": "Microsoft.Compute/virtualMachines",
            "name": "[parameters('vmName')]",
            "apiVersion": "2021-03-01",
            "location": "[resourceGroup().location]",
            "properties": {
                "hardwareProfile": {
                    "vmSize": "[parameters('vmSize')]"
                },
                "osProfile": {
                    "computerName": "[parameters('vmName')]",
                    "adminUsername": "[parameters('adminUsername')]",
                    "adminPassword": "[parameters('adminPassword')]"
                },
                "storageProfile": {
                    "imageReference": {
                        "publisher": "MicrosoftWindowsServer",
                        "offer": "WindowsServer",
                        "sku": "[parameters('windowsOSVersion')]",
                        "version": "latest"
                    },
                    "osDisk": {
                        "name": "[concat(parameters('vmName'), '_OSDisk')]",
                        "caching": "ReadWrite",
                        "createOption": "FromImage",
                        "managedDisk": {
                            "storageAccountType": "StandardSSD_LRS"
                        }
                    }
                },
                "networkProfile": {
                    "networkInterfaces": [
                        {
                            "id": "[resourceId('Microsoft.Network/networkInterfaces', variables('nicName'))]"
                        }
                    ]
                },
                "diagnosticsProfile": {
                    "bootDiagnostics": {
                        "enabled": true,
                        "storageUri": "[reference(resourceId('Microsoft.Storage/storageAccounts', variables('storageAccountName'))).primaryEndpoints.blob]"
                    }
                }
            },
            "dependsOn": [
                "[resourceId('Microsoft.Storage/storageAccounts', variables('storageAccountName'))]",
                "[resourceId('Microsoft.Network/networkInterfaces', variables('nicName'))]"
            ]
        },
        {
            "type": "Microsoft.Compute/virtualMachines/extensions",
            "name": "[concat(parameters('vmName'),'/InstallWebServer')]",
            "apiVersion": "2021-03-01",
            "location": "[resourceGroup().location]",
            "properties": {
                "publisher": "Microsoft.Compute",
                "type": "CustomScriptExtension",
                "typeHandlerVersion": "1.10",
                "autoUpgradeMinorVersion": true,
                "settings": {
                    "commandToExecute": "powershell -ExecutionPolicy Unrestricted -Command \"Install-WindowsFeature Web-Server,Web-Asp-Net45,NET-Framework-45-Features,Web-Net-Ext45,Web-ISAPI-Ext,Web-ISAPI-Filter,Web-Mgmt-Console,Web-Scripting-Tools,Web-Mgmt-Service; Invoke-WebRequest -Uri https://go.microsoft.com/fwlink/?linkid=2085767 -OutFile C:\\WebDeploy.msi; Start-Process msiexec.exe -ArgumentList '/i C:\\WebDeploy.msi /quiet' -Wait; Set-Service -Name WMSVC -StartupType Automatic; Start-Service WMSVC\""
                }
            },
            "dependsOn": [
                "[resourceId('Microsoft.Compute/virtualMachines', parameters('vmName'))]"
            ]
        }
    ],
    "outputs": {
        "hostname": {
            "type": "string",
            "value": "[reference(resourceId('Microsoft.Network/publicIPAddresses', variables('publicIPAddressName'))).dnsSettings.fqdn]"
        },
        "ipAddress": {
            "type": "string",
            "value": "[reference(variables('publicIPAddressName')).ipAddress]"
        }
    }
}
