{"Version":1,"ManifestType":"Publish","Endpoints":[{"Route":"CuriousJordanMSWebApp.styles.css","AssetFile":"CuriousJordanMSWebApp.styles.css","Selectors":[],"ResponseHeaders":[{"Name":"Accept-Ranges","Value":"bytes"},{"Name":"Cache-Control","Value":"no-cache"},{"Name":"Content-Length","Value":"1139"},{"Name":"Content-Type","Value":"text/css"},{"Name":"ETag","Value":"\"P40D2NvSK5UlLRriCtZiscifXQrv8NChgIloNC8LzD8=\""},{"Name":"Last-Modified","Value":"Fri, 06 Jun 2025 15:11:38 GMT"}],"EndpointProperties":[{"Name":"integrity","Value":"sha256-P40D2NvSK5UlLRriCtZiscifXQrv8NChgIloNC8LzD8="}]},{"Route":"CuriousJordanMSWebApp.vgiva5y27d.styles.css","AssetFile":"CuriousJordanMSWebApp.styles.css","Selectors":[],"ResponseHeaders":[{"Name":"Accept-Ranges","Value":"bytes"},{"Name":"Cache-Control","Value":"max-age=31536000, immutable"},{"Name":"Content-Length","Value":"1139"},{"Name":"Content-Type","Value":"text/css"},{"Name":"ETag","Value":"\"P40D2NvSK5UlLRriCtZiscifXQrv8NChgIloNC8LzD8=\""},{"Name":"Last-Modified","Value":"Fri, 06 Jun 2025 15:11:38 GMT"}],"EndpointProperties":[{"Name":"fingerprint","Value":"vgiva5y27d"},{"Name":"integrity","Value":"sha256-P40D2NvSK5UlLRriCtZiscifXQrv8NChgIloNC8LzD8="},{"Name":"label","Value":"CuriousJordanMSWebApp.styles.css"}]},{"Route":"css/aboutme.6l9jpn6js5.css","AssetFile":"css/aboutme.css","Selectors":[],"ResponseHeaders":[{"Name":"Accept-Ranges","Value":"bytes"},{"Name":"Cache-Control","Value":"max-age=31536000, immutable"},{"Name":"Content-Length","Value":"52"},{"Name":"Content-Type","Value":"text/css"},{"Name":"ETag","Value":"\"Sky81D6/uGBpmukCOfCvJCFr6IuCEwYeqjZmeNdMOXg=\""},{"Name":"Last-Modified","Value":"Wed, 04 Jun 2025 15:48:50 GMT"}],"EndpointProperties":[{"Name":"fingerprint","Value":"6l9jpn6js5"},{"Name":"integrity","Value":"sha256-Sky81D6/uGBpmukCOfCvJCFr6IuCEwYeqjZmeNdMOXg="},{"Name":"label","Value":"css/aboutme.css"}]},{"Route":"css/aboutme.css","AssetFile":"css/aboutme.css","Selectors":[],"ResponseHeaders":[{"Name":"Accept-Ranges","Value":"bytes"},{"Name":"Cache-Control","Value":"no-cache"},{"Name":"Content-Length","Value":"52"},{"Name":"Content-Type","Value":"text/css"},{"Name":"ETag","Value":"\"Sky81D6/uGBpmukCOfCvJCFr6IuCEwYeqjZmeNdMOXg=\""},{"Name":"Last-Modified","Value":"Wed, 04 Jun 2025 15:48:50 GMT"}],"EndpointProperties":[{"Name":"integrity","Value":"sha256-Sky81D6/uGBpmukCOfCvJCFr6IuCEwYeqjZmeNdMOXg="}]},{"Route":"css/site.6zv7ih3nwj.css","AssetFile":"css/site.css","Selectors":[],"ResponseHeaders":[{"Name":"Accept-Ranges","Value":"bytes"},{"Name":"Cache-Control","Value":"max-age=31536000, immutable"},{"Name":"Content-Length","Value":"366"},{"Name":"Content-Type","Value":"text/css"},{"Name":"ETag","Value":"\"osMokt2f5T01GEyK9jStX+gD0LShbDsAWPMgMjsdaR4=\""},{"Name":"Last-Modified","Value":"Wed, 04 Jun 2025 15:48:50 GMT"}],"EndpointProperties":[{"Name":"fingerprint","Value":"6zv7ih3nwj"},{"Name":"integrity","Value":"sha256-osMokt2f5T01GEyK9jStX+gD0LShbDsAWPMgMjsdaR4="},{"Name":"label","Value":"css/site.css"}]},{"Route":"css/site.css","AssetFile":"css/site.css","Selectors":[],"ResponseHeaders":[{"Name":"Accept-Ranges","Value":"bytes"},{"Name":"Cache-Control","Value":"no-cache"},{"Name":"Content-Length","Value":"366"},{"Name":"Content-Type","Value":"text/css"},{"Name":"ETag","Value":"\"osMokt2f5T01GEyK9jStX+gD0LShbDsAWPMgMjsdaR4=\""},{"Name":"Last-Modified","Value":"Wed, 04 Jun 2025 15:48:50 GMT"}],"EndpointProperties":[{"Name":"integrity","Value":"sha256-osMokt2f5T01GEyK9jStX+gD0LShbDsAWPMgMjsdaR4="}]},{"Route":"css/theme.css","AssetFile":"css/theme.css","Selectors":[],"ResponseHeaders":[{"Name":"Accept-Ranges","Value":"bytes"},{"Name":"Cache-Control","Value":"no-cache"},{"Name":"Content-Length","Value":"14"},{"Name":"Content-Type","Value":"text/css"},{"Name":"ETag","Value":"\"u4DszuiY1WLPnENub5+KbAlwyJCcCHdKlyaXaKLaRqk=\""},{"Name":"Last-Modified","Value":"Wed, 04 Jun 2025 15:48:50 GMT"}],"EndpointProperties":[{"Name":"integrity","Value":"sha256-u4DszuiY1WLPnENub5+KbAlwyJCcCHdKlyaXaKLaRqk="}]},{"Route":"css/theme.dyjx89twm7.css","AssetFile":"css/theme.css","Selectors":[],"ResponseHeaders":[{"Name":"Accept-Ranges","Value":"bytes"},{"Name":"Cache-Control","Value":"max-age=31536000, immutable"},{"Name":"Content-Length","Value":"14"},{"Name":"Content-Type","Value":"text/css"},{"Name":"ETag","Value":"\"u4DszuiY1WLPnENub5+KbAlwyJCcCHdKlyaXaKLaRqk=\""},{"Name":"Last-Modified","Value":"Wed, 04 Jun 2025 15:48:50 GMT"}],"EndpointProperties":[{"Name":"fingerprint","Value":"dyjx89twm7"},{"Name":"integrity","Value":"sha256-u4DszuiY1WLPnENub5+KbAlwyJCcCHdKlyaXaKLaRqk="},{"Name":"label","Value":"css/theme.css"}]},{"Route":"favicon.61n19gt1b8.ico","AssetFile":"favicon.ico","Selectors":[],"ResponseHeaders":[{"Name":"Accept-Ranges","Value":"bytes"},{"Name":"Cache-Control","Value":"max-age=31536000, immutable"},{"Name":"Content-Length","Value":"5430"},{"Name":"Content-Type","Value":"image/x-icon"},{"Name":"ETag","Value":"\"Jtxf9L+5ITKRc1gIRl4VbUpGkRNfOBXjYTdhJD4facM=\""},{"Name":"Last-Modified","Value":"Wed, 04 Jun 2025 15:48:50 GMT"}],"EndpointProperties":[{"Name":"fingerprint","Value":"61n19gt1b8"},{"Name":"integrity","Value":"sha256-Jtxf9L+5ITKRc1gIRl4VbUpGkRNfOBXjYTdhJD4facM="},{"Name":"label","Value":"favicon.ico"}]},{"Route":"favicon.ico","AssetFile":"favicon.ico","Selectors":[],"ResponseHeaders":[{"Name":"Accept-Ranges","Value":"bytes"},{"Name":"Cache-Control","Value":"no-cache"},{"Name":"Content-Length","Value":"5430"},{"Name":"Content-Type","Value":"image/x-icon"},{"Name":"ETag","Value":"\"Jtxf9L+5ITKRc1gIRl4VbUpGkRNfOBXjYTdhJD4facM=\""},{"Name":"Last-Modified","Value":"Wed, 04 Jun 2025 15:48:50 GMT"}],"EndpointProperties":[{"Name":"integrity","Value":"sha256-Jtxf9L+5ITKRc1gIRl4VbUpGkRNfOBXjYTdhJD4facM="}]},{"Route":"images/footer.l62wk2j4qb.png","AssetFile":"images/footer.png","Selectors":[],"ResponseHeaders":[{"Name":"Accept-Ranges","Value":"bytes"},{"Name":"Cache-Control","Value":"max-age=31536000, immutable"},{"Name":"Content-Length","Value":"26836"},{"Name":"Content-Type","Value":"image/png"},{"Name":"ETag","Value":"\"Dd85hhZ1puxYLOKJgFpZDPnNH0D93HGV3A2JHIbPmxE=\""},{"Name":"Last-Modified","Value":"Wed, 04 Jun 2025 15:48:50 GMT"}],"EndpointProperties":[{"Name":"fingerprint","Value":"l62wk2j4qb"},{"Name":"integrity","Value":"sha256-Dd85hhZ1puxYLOKJgFpZDPnNH0D93HGV3A2JHIbPmxE="},{"Name":"label","Value":"images/footer.png"}]},{"Route":"images/footer.png","AssetFile":"images/footer.png","Selectors":[],"ResponseHeaders":[{"Name":"Accept-Ranges","Value":"bytes"},{"Name":"Cache-Control","Value":"no-cache"},{"Name":"Content-Length","Value":"26836"},{"Name":"Content-Type","Value":"image/png"},{"Name":"ETag","Value":"\"Dd85hhZ1puxYLOKJgFpZDPnNH0D93HGV3A2JHIbPmxE=\""},{"Name":"Last-Modified","Value":"Wed, 04 Jun 2025 15:48:50 GMT"}],"EndpointProperties":[{"Name":"integrity","Value":"sha256-Dd85hhZ1puxYLOKJgFpZDPnNH0D93HGV3A2JHIbPmxE="}]},{"Route":"images/home.png","AssetFile":"images/home.png","Selectors":[],"ResponseHeaders":[{"Name":"Accept-Ranges","Value":"bytes"},{"Name":"Cache-Control","Value":"no-cache"},{"Name":"Content-Length","Value":"4690819"},{"Name":"Content-Type","Value":"image/png"},{"Name":"ETag","Value":"\"2aQ/rgBElFb0Enn8kniKSVt9J35X6L6cgBvBtbifylE=\""},{"Name":"Last-Modified","Value":"Wed, 04 Jun 2025 15:48:50 GMT"}],"EndpointProperties":[{"Name":"integrity","Value":"sha256-2aQ/rgBElFb0Enn8kniKSVt9J35X6L6cgBvBtbifylE="}]},{"Route":"images/home.v6fdhvkoqb.png","AssetFile":"images/home.png","Selectors":[],"ResponseHeaders":[{"Name":"Accept-Ranges","Value":"bytes"},{"Name":"Cache-Control","Value":"max-age=31536000, immutable"},{"Name":"Content-Length","Value":"4690819"},{"Name":"Content-Type","Value":"image/png"},{"Name":"ETag","Value":"\"2aQ/rgBElFb0Enn8kniKSVt9J35X6L6cgBvBtbifylE=\""},{"Name":"Last-Modified","Value":"Wed, 04 Jun 2025 15:48:50 GMT"}],"EndpointProperties":[{"Name":"fingerprint","Value":"v6fdhvkoqb"},{"Name":"integrity","Value":"sha256-2aQ/rgBElFb0Enn8kniKSVt9J35X6L6cgBvBtbifylE="},{"Name":"label","Value":"images/home.png"}]},{"Route":"images/profile.png","AssetFile":"images/profile.png","Selectors":[],"ResponseHeaders":[{"Name":"Accept-Ranges","Value":"bytes"},{"Name":"Cache-Control","Value":"no-cache"},{"Name":"Content-Length","Value":"7994849"},{"Name":"Content-Type","Value":"image/png"},{"Name":"ETag","Value":"\"n+F0iG557lE4eV63I1hsrujam6ebB43o1qLiWsRjL9M=\""},{"Name":"Last-Modified","Value":"Wed, 04 Jun 2025 15:48:50 GMT"}],"EndpointProperties":[{"Name":"integrity","Value":"sha256-n+F0iG557lE4eV63I1hsrujam6ebB43o1qLiWsRjL9M="}]},{"Route":"images/profile.r1u6wddfok.png","AssetFile":"images/profile.png","Selectors":[],"ResponseHeaders":[{"Name":"Accept-Ranges","Value":"bytes"},{"Name":"Cache-Control","Value":"max-age=31536000, immutable"},{"Name":"Content-Length","Value":"7994849"},{"Name":"Content-Type","Value":"image/png"},{"Name":"ETag","Value":"\"n+F0iG557lE4eV63I1hsrujam6ebB43o1qLiWsRjL9M=\""},{"Name":"Last-Modified","Value":"Wed, 04 Jun 2025 15:48:50 GMT"}],"EndpointProperties":[{"Name":"fingerprint","Value":"r1u6wddfok"},{"Name":"integrity","Value":"sha256-n+F0iG557lE4eV63I1hsrujam6ebB43o1qLiWsRjL9M="},{"Name":"label","Value":"images/profile.png"}]},{"Route":"js/site.js","AssetFile":"js/site.js","Selectors":[],"ResponseHeaders":[{"Name":"Accept-Ranges","Value":"bytes"},{"Name":"Cache-Control","Value":"no-cache"},{"Name":"Content-Length","Value":"231"},{"Name":"Content-Type","Value":"text/javascript"},{"Name":"ETag","Value":"\"hRQyftXiu1lLX2P9Ly9xa4gHJgLeR1uGN5qegUobtGo=\""},{"Name":"Last-Modified","Value":"Wed, 04 Jun 2025 15:48:50 GMT"}],"EndpointProperties":[{"Name":"integrity","Value":"sha256-hRQyftXiu1lLX2P9Ly9xa4gHJgLeR1uGN5qegUobtGo="}]},{"Route":"js/site.xtxxf3hu2r.js","AssetFile":"js/site.js","Selectors":[],"ResponseHeaders":[{"Name":"Accept-Ranges","Value":"bytes"},{"Name":"Cache-Control","Value":"max-age=31536000, immutable"},{"Name":"Content-Length","Value":"231"},{"Name":"Content-Type","Value":"text/javascript"},{"Name":"ETag","Value":"\"hRQyftXiu1lLX2P9Ly9xa4gHJgLeR1uGN5qegUobtGo=\""},{"Name":"Last-Modified","Value":"Wed, 04 Jun 2025 15:48:50 GMT"}],"EndpointProperties":[{"Name":"fingerprint","Value":"xtxxf3hu2r"},{"Name":"integrity","Value":"sha256-hRQyftXiu1lLX2P9Ly9xa4gHJgLeR1uGN5qegUobtGo="},{"Name":"label","Value":"js/site.js"}]}]}